{"cameraMode":{"drawMode":0,"name":"Shaded","section":"Shading Mode"},"sceneLighting":true,"audioPlay":false,"sceneViewState":{"showFog":true,"showMaterialUpdate":true,"showSkybox":true,"showFlares":true,"showImageEffects":true,"showParticleSystems":true},"in2DMode":false,"pivot":{"x":0.13414382934570313,"y":-0.3747377395629883,"z":0.13414287567138673},"rotation":{"x":-0.09052233397960663,"y":0.8976600766181946,"z":-0.21854029595851899,"w":-0.37182295322418215},"size":23.334524154663087,"orthographic":false}