{"cameraMode":{"drawMode":0,"name":"Shaded","section":"Shading Mode"},"sceneLighting":true,"audioPlay":false,"sceneViewState":{"showFog":true,"showMaterialUpdate":true,"showSkybox":true,"showFlares":true,"showImageEffects":true,"showParticleSystems":true},"in2DMode":false,"pivot":{"x":16.142364501953126,"y":-28.936119079589845,"z":-14.35283374786377},"rotation":{"x":-0.20433717966079713,"y":0.7102145552635193,"z":-0.22906817495822907,"w":-0.633537232875824},"size":159.83355712890626,"orthographic":false}