{"cameraMode":{"drawMode":0,"name":"Shaded","section":"Shading Mode"},"sceneLighting":true,"audioPlay":false,"sceneViewState":{"showFog":true,"showMaterialUpdate":true,"showSkybox":true,"showFlares":true,"showImageEffects":true,"showParticleSystems":true},"in2DMode":false,"pivot":{"x":0.4101080894470215,"y":1.5026907920837403,"z":-0.07791948318481446},"rotation":{"x":-0.0011575822718441487,"y":0.961237370967865,"z":-0.2756902575492859,"w":-0.004037618171423674},"size":4.209683418273926,"orthographic":false}