{"cameraMode":{"drawMode":0,"name":"Shaded","section":"Shading Mode"},"sceneLighting":true,"audioPlay":false,"sceneViewState":{"showFog":true,"showMaterialUpdate":false,"showSkybox":true,"showFlares":true,"showImageEffects":true,"showParticleSystems":true},"in2DMode":false,"pivot":{"x":4887.60009765625,"y":21.799999237060548,"z":-4201.2001953125},"rotation":{"x":0.040986888110637668,"y":-0.9373547434806824,"z":0.11816313117742539,"w":0.32515189051628115},"size":398.4144287109375,"orthographic":true}