{"cameraMode":{"drawMode":0,"name":"Shaded","section":"Shading Mode"},"sceneLighting":true,"audioPlay":false,"sceneViewState":{"showFog":true,"showMaterialUpdate":false,"showSkybox":true,"showFlares":true,"showImageEffects":true,"showParticleSystems":true},"in2DMode":false,"pivot":{"x":4876.93701171875,"y":0.2583954334259033,"z":-4740.09521484375},"rotation":{"x":0.09255862236022949,"y":0.01405928935855627,"z":0.0013219632674008608,"w":-0.9956070780754089},"size":4.431605339050293,"orthographic":true}