{"cameraMode":{"drawMode":0,"name":"Shaded","section":"Shading Mode"},"sceneLighting":true,"audioPlay":false,"sceneViewState":{"showFog":true,"showMaterialUpdate":false,"showSkybox":true,"showFlares":true,"showImageEffects":true,"showParticleSystems":true},"in2DMode":false,"pivot":{"x":4876.93701171875,"y":0.27758073806762698,"z":-4740.09521484375},"rotation":{"x":0.00389658659696579,"y":-0.027895886451005937,"z":0.00011119501868961379,"w":0.999603271484375},"size":277.2944641113281,"orthographic":true}