{"cameraMode":{"drawMode":0,"name":"Shaded","section":"Shading Mode"},"sceneLighting":true,"audioPlay":false,"sceneViewState":{"showFog":true,"showMaterialUpdate":false,"showSkybox":true,"showFlares":true,"showImageEffects":true,"showParticleSystems":true},"in2DMode":false,"pivot":{"x":4896.7001953125,"y":17.200000762939454,"z":-4778.39990234375},"rotation":{"x":-0.2276029884815216,"y":0.6044746041297913,"z":-0.18578268587589265,"w":-0.7404674887657166},"size":281.06109619140627,"orthographic":false}