{"cameraMode":{"drawMode":0,"name":"Shaded","section":"Shading Mode"},"sceneLighting":true,"audioPlay":false,"sceneViewState":{"showFog":true,"showMaterialUpdate":false,"showSkybox":true,"showFlares":true,"showImageEffects":true,"showParticleSystems":true},"in2DMode":false,"pivot":{"x":4876.93701171875,"y":0.27758073806762698,"z":-4740.09521484375},"rotation":{"x":0.03824032098054886,"y":-0.0877217948436737,"z":0.003372459439560771,"w":0.9954050779342651},"size":5.231834411621094,"orthographic":true}