{"cameraMode":{"drawMode":0,"name":"Shaded","section":"Shading Mode"},"sceneLighting":true,"audioPlay":false,"sceneViewState":{"showFog":true,"showMaterialUpdate":false,"showSkybox":true,"showFlares":true,"showImageEffects":true,"showParticleSystems":true},"in2DMode":false,"pivot":{"x":4876.93701171875,"y":1.2354679107666016,"z":-4740.0986328125},"rotation":{"x":0.07797738909721375,"y":0.16902042925357819,"z":-0.013384836725890637,"w":0.982431948184967},"size":2.6315739154815676,"orthographic":true}