{"cameraMode":{"drawMode":0,"name":"Shaded","section":"Shading Mode"},"sceneLighting":true,"audioPlay":false,"sceneViewState":{"showFog":true,"showMaterialUpdate":false,"showSkybox":true,"showFlares":true,"showImageEffects":true,"showParticleSystems":true},"in2DMode":false,"pivot":{"x":4876.93798828125,"y":0.2859998941421509,"z":-4740.10009765625},"rotation":{"x":-0.1143110990524292,"y":0.07626114785671234,"z":-0.008792906999588013,"w":-0.9904745817184448},"size":3.542038679122925,"orthographic":true}