{"cameraMode":{"drawMode":0,"name":"Shaded","section":"Shading Mode"},"sceneLighting":false,"audioPlay":false,"sceneViewState":{"showFog":true,"showMaterialUpdate":false,"showSkybox":true,"showFlares":true,"showImageEffects":true,"showParticleSystems":true},"in2DMode":false,"pivot":{"x":0.2868227958679199,"y":0.41975629329681399,"z":0.8256834745407105},"rotation":{"x":0.0974433422088623,"y":0.4637075364589691,"z":-0.051411598920822147,"w":0.8791114687919617},"size":22.817996978759767,"orthographic":true}